{"rmse": 1.213195976552203, "mean": 1.1023093731024876, "median": 1.0793029795744042, "std": 0.506713453041119, "min": 0.003372187984169286, "max": 2.6679880501051563, "sse": 2085.6036246493168}