{"rmse": 8.670956800573219, "mean": 8.567888139383427, "median": 8.482724237230482, "std": 1.332960865299397, "min": 5.477738003827282, "max": 16.64726867978446, "sse": 106537.84193360564}