{"rmse": 3.0711108268930247, "mean": 2.72254220949236, "median": 2.375119052581916, "std": 1.4210860736042752, "min": 0.2947144393141758, "max": 25.412969133989332, "sse": 13364.749664571395}